contest,model,caption
807_Dashboard,DeepSeek (local),"_3_Cover_619.

The original text is as follows:
""Let me think... There's no way to get lost without going around the block twice, right? So I've taken that first step‚Äîgo somewhere else.
Wait"
689_Dashboard,DeepSeek (local),"_1000_Square_Cartoon
The contest is about creating interesting, engaging designs that are challenging but fun to think and create.
It's important not only the content of your design‚Äîhow you express ideas‚Äîand creativity itself‚Äîbut also"
538_Dashboard,DeepSeek (local),"The image in the previous post is [the graph of y = x^4] and you can create your own by dividing into N equally sized rectangles (N=10). Use this to position the caption.

Note that I would like:"
634_Dashboard,DeepSeek (local),"_2015.
The description says:
""Find the maximum of x+y, where variables
x and y satisfy certain conditions.

Variables are given as:

- x is an integer between -9... to +8

y = ln("
764_Dashboard,DeepSeek (local),"_21908_Cartoon. You can use the following words... Only using capital letters, no markdown.
Okay, so I need to come up with an innovative and catchy one-liner that mimics the style of a New York"
585_Dashboard,DeepSeek (local),", the ""Biggest"" number.

The user is requesting me to think about this problem in depth before writing my answer.
Let‚Äôs understand the question step by step:

Firstly, we're supposed to create something that's similar to thoseNYC"
623_Dashboard,DeepSeek (local),".

The game is about matching the words to their mathematical definitions, and you can use any kind of word or
any combination.
I have two numbers that are prime factors in some composite number...
Wait, it's like this:
You've got these"
773_Dashboard,DeepSeek (local),"_6.
The contest is about improving the accuracy of predicting COVID-19, including using machine learning models that analyze patterns in social media data.

To win this challenge, your script must:
* Must use only English
* MUST NOT contain any"
592_Dashboard,DeepSeek (local),"_... You have to make this interesting and creative.
Alright, I need to come up with an innovative one-liner that sounds like it would fit the style of a New Yorker character in a cartoon setting.

First off, Let me break down what"
810_Dashboard,DeepSeek (local),", Level of Complexity is the number...
The image has an empty black background and white squares on... The first row (leftmost) shows three ... each with their color being either red or blue; second row (center): four squares alternating between light"
883_Dashboard,DeepSeek (local),"- The most creative and original ideas in the Dashboard are the ones that win.

The user has mentioned specific features or challenges, such as handling large data sets without excessive computation time.
Alright, I need to come up with an catchy one-liner for"
829_Dashboard,DeepSeek (local),"The user is an AI assistant and needs to write the captions.

Okay, so I need to come up with a one-liner that captures someone who's probably new or not too experienced in this context but still has some background relevant to Dashboard"
516_Dashboard,DeepSeek (local),", Level of Deception.
The goal is to have the most creative and... well, whatever your imagination fills in there.

So I need you to think about how an NERVOUS YEARS-old person (in terms of face) would"
894_Dashboard,DeepSeek (local),", which is used to analyze data and display information in real-time via multiple charts.
I need you to use an emoji that represents your intention or something relevant (not just any).
Alright, so I've got this query from someone who's asking me"
814_Dashboard,DeepSeek (local),".
The title needs to be in bold and the number is ""814 Dashboard"". The user wants this because they're trying to catch their attention with something unique.

Alright, I've got that down. So here's my plan:

First,"
777_Dashboard,DeepSeek (local),".

The original has this:

It seems like everything is going to be better than expected in the coming year, but we still need... Let me think about my schedule and deadlines.
...
Wait, so maybe it's time to start brainstorming some of"
627_Dashboard,DeepSeek (local),", which is the dashboard in a typical modern digital marketing campaign.
The goal of this challenge is to write an interesting and original image-based caption that captures what...
150-300 words
This should be done as part of my daily"
596_Dashboard,DeepSeek (local),".

This is an image with three rows of two identical objects each; the first row has
two red squares, second and third have... Hmm.
Wait I need to figure out what comes next after ""second"" in this sentence:
First row has"
760_Dashboard,DeepSeek (local),"The original response from the assistant uses ""cater"" as an adjective, but in this context of being creative and avoiding words like 're' or any that might not fit well into standard dialogue.
</think>

Caters to every soul! ÔøΩ"
630_Dashboard,DeepSeek (local),", winner is named after the person who will win the prize.
Alright, so I need to write an innovative and humorous one-liner that's similar in style to what might be on a New Yorker animated character show (NYC chariots"
581_Dashboard,DeepSeek (local),"_... Wait, the original problem says ""Contest: 583_Carrier..."" Maybe I'm getting confused with other contests?

Wait no‚Äîlooking back at my own message history‚Äîthe contest was about shipping routes and cargo capacity.

Hmm"
803_Dashboard,DeepSeek (local),"- Dashboard, Dashcar
Okay, so I need to write an innovative and catchy one-liner that captures the essence of being here in New York City‚ÄîNew Yorker style with an edge twist.

First thought is about urban planning or something related since"
890_Dashboard,DeepSeek (local),", which is an image of the US Department Store's iconic store layout.

The original text provided by the user has some issues that need to be addressed before generating your response:
- Line breaks are not consistent throughout.
- Capitalization and grammar may vary"
512_Dashboard,DeepSeek (local),"Alright, so I need to write an intelligent and catchy one-liner that fits the style of a New York City-based cartoon. The contest is labeled ""512_Dashboard,"" which makes me think it's related to binary or numbers‚Äî"
887_Dashboard,DeepSeek (local),"- ... Please explain how you arrived at your answer.

Okay, so I need to write this in English. The image is of the narrator trying hard to look normal but not quite‚Äîlike someone who resembles an NYC person or a ""New Yorker."""
759_Dashboard,DeepSeek (local),"The title should include the following:

- ""You Are Not Here"" (as in a digital identity)
- Either ‚ÄúBee‚Äù or ‚ÄúTubular‚Äù
- Something about an AI
</think>

**Title:** *""Not Here Yet""*"
609_Dashboard,DeepSeek (local),"_Cartoon.
I have to include the following:
- The title should be ""MORNING MOON SHAPES""
Without quotes, and without markdown formatting.

Alright, I'll start by brainstorming ideas... Hmm.. Maybe use natural elements"
860_Dashboard,DeepSeek (local),"_734
To determine the winner, count how many different ways to split an integer N into two parts A and B such that AB = X.
Given...
N=5219; X=?

Wait, but wait! Wait"
703_Dashboard,DeepSeek (local),"_1, but only the top three characters are shown.
The image is about to be uploaded by an AI-generated character that thinks in base e.

To measure your performance on this challenge you should consider both how well
you understand and implement mathematical concepts"
653_Dashboard,DeepSeek (local),"In the previous problem, I mentioned that my favorite number was \boxed{12} (I could...
Wait, no, in this context... Hmm.

Alright, so let's see‚Äîthere are several similar problems here about figuring out when"
714_Dashboard,DeepSeek (local),", which has...
I need to get the idea of what we're doing here.
Okay, I'm trying to figure this out...

The original problem was about making an image classification system where each digit is associated with its label and then plotting all digits"
644_Dashboard,DeepSeek (local),"The contest is about visual and analytical tasks, with each image having some background features (like color of the sky), but without any explicit description or hints.
This problem involves two images‚Äîeach has an object on top; both have blue skies."
548_Dashboard,DeepSeek (local),", with categories including Dashboard (30k), Dashboard (20k), etc., and the goal is to make sure that all four quadrants are represented.

The user wants this caption as an image in markdown on GitHub.
To write it without"
877_Dashboard,DeepSeek (local),".

I want to be better than my current job, but I still enjoy working on weekends.
Okay, let's see... Maybe something about being efficient or resourceful? Or maybe celebrating milestones?
Alright...
Wait, the contest is called Dashboard, so"
566_Dashboard,DeepSeek (local),"_Layout
Alright, I need to come up with an interesting and catchy one-liner that captures the essence of being a person who lives in New York City‚Äîthink like someone from there but not necessarily the city itself.

First off, ""New"
859_Dashboard,DeepSeek (local),", Level of Difficulty 1.
Alright, so I need to come up with an interesting and catchy one-liner that fits the style of a New Yorker cartoon contest named Dashboard level 1.

First off, let's think about what makes it"
787_Dashboard,DeepSeek (local),"- ""The Boring..."" series.
Wait, is that the correct number? Wait, in Dashboard mode on my phone I can see it as an odometer... Hmm.

Alright, now to figure out how this line should be phrased:"
571_Dashboard,DeepSeek (local),"Alright, so I've got this task to write a one-liner that's in the style of a New Yorker Cartoon. The contest is called Dashboard #571 and it seems like an image-based competition? Not entirely sure about """
790_Dashboard,DeepSeek (local),"_Users.
The goal is to have the image show after being processed, showing that your idea captures what I think you want and displays it in an elegant way.

Include only colors from -385¬∞C (blue) up to +24"
873_Dashboard,DeepSeek (local),".

Problem Statement:

You are to write an expression that evaluates
to the number of times you can make ""New"" from some rearrangement
of all digits in the following string:
new,new,new,Dash, dash, dash.
So,
the"
640_Dashboard,DeepSeek (local),"_7932 (I don't know what this is), but you should use the image to help write your... The user's question seems complete.

Alright, so I need to create a fun and catchy one-liner that mimics a"
710_Dashboard,DeepSeek (local),", with the following criteria:

- The number of captions is limited to three.

Each caption must be unique in style and meaning but still convey an accurate mathematical result when calculated from numbers related to your age (which should remain hidden or at least not publicly"
657_Dashboard,DeepSeek (local),", which has been in the main floor since 2014? Or was it before?

Wait no‚Äîthis is not a real dashboard.

It's an animated math problem that changes every second with increasing difficulty and random numbers all over... The"
707_Dashboard,DeepSeek (local),"In this contest, the main idea is to focus on your core values and how they connect with people across different demographics.
The original example was:
""By prioritizing self-worth over surface-level fame,
you're not just changing the way others"
864_Dashboard,DeepSeek (local),"_Cartoony...
The following text is provided:
""An oldie, but you know the rules‚ÄîNew Yorkers are always into drawing chaotic images and creating weird characters that don't follow any standard convention or style.
But in this case..."
679_Dashboard,DeepSeek (local),".

Given that, the user is allowed to use markdown formatting and...
To solve this problem:
1. Determine whether each number in the set {0024, ..., 358} has at most three distinct prime factors.
2."
729_Dashboard,DeepSeek (local),"‚Äì
First, I will ___________.
Second, you‚Äôll find the nearest intersection point on your left and right side of this line.

After that, select an integer between [A]10 to [B], with standard deviation D such"
575_Dashboard,DeepSeek (local),", created by @neymark.

Okay I need to write something catchy and relevant but without being too long or complicated.
Hmm... Maybe start with ""Ne!"" because that's often used in such contexts?

Yeah, let me think about the main"
794_Dashboard,DeepSeek (local),"_2013, which involves analyzing the number of users who have made ""New Yorkers"" or ""NYC"" in their names.
Okay, so I need to come up with this creative and catchy caption that's going to hook attention"
562_Dashboard,DeepSeek (local),".
In the drawing, there are two circles with different sizes‚Äî10 cm and 3 mm.

The text in this caption should be split into three parts:
- First part: ""My initial thought was that..."".

- Second part: ""..."
783_Dashboard,DeepSeek (local),"_015

Alright, so I need to come up with an catchy and one-liner that's suitable for a Cartoon character inspired by someone from the New York/New Jersey area‚Äîprobably a Y2K-related theme.

First off, understanding"
874_Dashboard,DeepSeek (local),", which has an image of the New York City skyline and is set to go public in March.
The challenge here isn't about creating any unique features but rather making something concise that highlights innovation or impact during the competition's launch.

To be eligible,"
717_Dashboard,DeepSeek (local),"‚Äì ""Are You the One?"" with target score of 684.
Okay, so I need to come up with this one-liner that captures the essence of being an enthusiastic NYer and also relates appropriately to the given contest title.

First"
647_Dashboard,DeepSeek (local),", Rules:
- Each line must be at least three characters long.
- Lines may contain punctuation but cannot have whitespace (including commas and periods).
- No markdown or code syntax is allowed; each
line has to stand alone.

Examples given:

One"
700_Dashboard,DeepSeek (local),", but with the twist that it's not just your phone‚Äîyour entire life is on you.
Alright, I need to come up with this new title tag quickly.

Okay, so first thoughts about NYers are often emojis like üöÄ or"
650_Dashboard,DeepSeek (local),", with the goal to have as few correct answers in your game...? I'm looking at this problem:

Let me set up an equation.

Equation (1): x + y = z

But let's consider another variable v...

Wait,"
863_Dashboard,DeepSeek (local),"‚Äì analyze data in the dashboard, with specific focus on sales statistics.

The original answer given is:
""Only three seconds to capture your attention when you're looking at this image! The high-resolution digital canvas captures stunning photos of downtown Manhattan and provides clear"
572_Dashboard,DeepSeek (local),"_Carrot_Swaps_Wins, aiming to engage the audience with fun and relevant content.
To help this task be easier,
1) Consider that ""New"" vs ""NYC"": The difference between 'New' as in the original name"
793_Dashboard,DeepSeek (local),"The number must be the largest square-free integer divisible by exactly two distinct primes, each of which is less than ten.

Alright, let's break down this problem step by step to figure out how we can create an effective one-liner that meets"
565_Dashboard,DeepSeek (local),", Level of Detail (LoD) is set to the maximum.
Alright.

So I'm supposed to come up with this title that captures both something along those lines and also somehow speaks to the level-of-detailedness aspect when LoD is at"
784_Dashboard,DeepSeek (local),"_Contests/... The image is a gradient background with dots of different colors and shapes, in the center of which there's an 'X' connecting them to each other across multiple lines.

The description mentions that it was created by someone who worked"
739_Dashboard,DeepSeek (local),"_Capacity, aiming to promote their city's decision on the dashboard strategy.

The question is which line from this text will be used in replacing ""I like how they've..."" The user provided two lines:

1) I prefer having my morning routine"
669_Dashboard,DeepSeek (local),"- You are the
first to solve this problem.
To determine your rank, you get paid inversely proportional to...
I'm not sure if I should look at... [blank] but maybe some standard benchmark?
Or perhaps just use an inverse square"
558_Dashboard,DeepSeek (local),"- ""Idea"" related to the idea of my life.
Okay, so I need to come up with an interesting and concise one-liner that captures the essence of this challenge. It's aimed at someone who might be struggling or just curious about"
867_Dashboard,DeepSeek (local),".

The user is asking to write something that captures the essence of being someone who can see beyond everyday obstacles, especially in situations where you don‚Äôt know what your next step should be.
</think>

""Beyond ordinary challenges lies clarity."""
654_Dashboard,DeepSeek (local),".

In the figure, there are multiple
numbers displayed; each is unique and 
has their own property.
Each of these numbers has been 
...
Wait, I'm confused about what's being asked here... Oh! It says in the ""The"
704_Dashboard,DeepSeek (local),"(2). You can choose to use either the
HARDWARE or the ___________ in your answer.
Your goal is to have it be as effective as possible against an image of this:
[Image description]: [1] A man standing"
643_Dashboard,DeepSeek (local),".

The original problem mentioned that the final answer should be an integer between # and @@, but since it's just my thought process, I'll focus on creating a single line without any markdown.
</think>

A newNYER has requested to know how"
713_Dashboard,DeepSeek (local),"_08
Hm, in the morning,
the air is hazy.
It‚Äôs like my life has been laid out on paper.

So I‚Äôm wondering about that... The user wants to create an animated image with just two lines of text"
870_Dashboard,DeepSeek (local),"Alright, I'm trying to come up with this creative problem solution in myself.

Okay, so the task is to write a one-liner that matches the style of an older New Yorker Cartoon and contest setup. The categories are numbered from Dashboard numbers"
561_Dashboard,DeepSeek (local),", which is the top part of a dashboard on an Apple MacBook.
Okay, so I need to write a one-liner that's appropriate for this contest called ""561 Dashboard."" The context seems like it's targeting someone who appreciates sleek"
780_Dashboard,DeepSeek (local),", which is part of the Dashboard series by Studio Deep.
To win this contest, you must determine whether to use an onomatopoeic verb or not.

The original problem statement gives several examples:

Example 1:
- The Original Problem Statement"
576_Dashboard,DeepSeek (local),", with categories like ""Culinary Delights,"" ""Tech & Science,"" etc.

The user has provided some example captions:

1) It's perfect!
2) This is just amazing.
3) Great job! I did something different and it"
797_Dashboard,DeepSeek (local),"_Vision_1023, the winner will be awarded $45k.

Alright... I need to write this.
Hmm...

Okay, so first thoughts on what ""New Yorker"" implies is all about being laid-back and having good"
849_Dashboard,DeepSeek (local),"_1, and the theme is ""Don't Get Stressed Over Your Financial Crisis.""
The user wants to test if I can find creative ways to convey that message without relying on multiple lines.
Additionally, in my reply, should include something about the"
813_Dashboard,DeepSeek (local),", which is the Dashboard on Instagram.

The contest requires that you write an original and creative one-liner in Python syntax.
Alright, let me try to break this down step by step so I can figure out how to approach it.

First off,"
620_Dashboard,DeepSeek (local),"_1973

To clarify, the image you will create is similar to those in Dashboard #1973.

The following are some key features:

- The x-axis labels have two digits each; y-axis labels also have two"
770_Dashboard,DeepSeek (local),"(Calculus) - #1269, ""Who is my friend?"" To solve this problem, the user should think about using calculus and related concepts to figure out an approach.
Alright, so I need to come up with a smart one"
591_Dashboard,DeepSeek (local),"_80, which is about the number of lines in an image when viewed on a monitor with aspect ratio of w to h and maximum vertical space filled.
I need to create this... (Please respond quickly) The user has mentioned that they want"
637_Dashboard,DeepSeek (local),"_Coverage.

The output should be something like ""New York's iconic skyline is your oeil in this artistic capture."" So, my thought process as an AI assistant came up with the following questions:

1) The contest number and title are given"
767_Dashboard,DeepSeek (local),", created by @mathematicsandphysics_labs on December 19th.

Alright, let me think about how to approach this problem step-by-step.
First I need to understand what the user is asking for here. They want a one-l"
586_Dashboard,DeepSeek (local),", the idea of the most popular dashboard on an Apple product.
Alright, so I need to write a one-liner that captures the essence of this contest about Dashboard popularity among Neveers in Apple products.

First off, 'New York City'"
804_Dashboard,DeepSeek (local),", which is located on the x-axis (vertical axis). The target audience comprises people who are interested in analyzing data and seeing visualizations.

The problem here with this particular contest as an idea might be that you can't really use any standard visualization tool"
619_Dashboard,DeepSeek (local),", which has been closed recently... but the rest of this problem is in chess.
Wait, maybe I confused some parts.

Alright, let me try again to write down what's given:

Contest details:
- Original title was ""Hoo-h"
749_Dashboard,DeepSeek (local),", Score: 0.

The following are your inputs:

Inputs:
- First input is ""New Yorker and cartoonist who works on animated charts.""
</think>

**[Eyes wide across the screen]**  
*Your name's chart just won't"
515_Dashboard,DeepSeek (local),"_02, by @DanteDeBello on June 4.
Alright, I need to come up with an interesting and catchy one-liner that's inspired by the style of ""New Yeller"" cartoons from around this time in history"
880_Dashboard,DeepSeek (local),"_V1_Captions_29 (Newer), which focuses on social media, internet connections and data privacy.

Please write the steps to solve this problem.
To get started with my own coding solution? Please think about how I would approach building"
800_Dashboard,DeepSeek (local),", goal is to reach the number of dots in your name that has at least two pairs... If you can‚Äôt do it, don't be upset.
Alright, so I need to come up with this one-liner as if writing one for an"
763_Dashboard,DeepSeek (local),"_210, Level of Difficulty: Medium
To understand the problem, I'll try to explain it in my own words.
Okay so there are two people holding up signs with numbers on them.

The first person says ""Hello! Is that"
633_Dashboard,DeepSeek (local),".
To recap, the problem is as follows:
We have two circles with equal radii and an angle of... wait no‚Äîthe initial paragraph states that we have three concentric (same center) regular polygons‚Äîtriangle, square, pentagon‚Äîwith integer"
582_Dashboard,DeepSeek (local),", Winner: [Winner's name here]
Please help me figure out the answer.
Okay, so I'm supposed to write a one-liner that fits New Yorker fashion and style‚Äîprobably in an xkcd style or something similar‚Äîand it"
774_Dashboard,DeepSeek (local),"- The first digit of each number in the x coordinate is written as an image.

Wait, no‚Äîthe problem says to write a new caption that's based on my original idea but different enough so it still makes sense.
Okay, I'm trying to"
624_Dashboard,DeepSeek (local),"The image is of someone standing on the ground, wearing a hat and face down into his hand? No wait ‚Äì sorry I meant that it's... Hmm.

Wait no, let me rephrase this part to make sure:

In another paragraph:"
595_Dashboard,DeepSeek (local),"_172864073
The user is asking me to create this.
I will provide the relevant details about the image or video, and you have to come up with an appropriate response.

Alright, let's get started!"
699_Dashboard,DeepSeek (local),"_28, which involves calculating the amount of money needed to purchase an article with specific discounts and taxes.

Ivan is trying his best at this math problem.
</think>

**One-Liner Caption:**  
""Ivan's got it right; he"
817_Dashboard,DeepSeek (local),"_01
Title is ""Mileage, Gas Station,"" or ""Gas Mileage.""
Each image must have both miles driven and gas used.
Include the mileage in km instead of miles.

Okay I want to create an original line of text"
528_Dashboard,DeepSeek (local),"(New York City) on Kaggle.

To start, figure out how to identify whether the user is from a NY city or someone else living in NYC.
So perhaps this should be an image tag that's unique only if it was generated by you"
884_Dashboard,DeepSeek (local),", Name of the ... I don't know... It's on my phone.
Wait no! My mobile is broken; it just died last week...
So now, how can you help me figure this out?

Alright, so there are two things here"
839_Dashboard,DeepSeek (local),"_1, Level of Difficulty - Normal.
The user is asking to create something that's fun and must match the style of an older NYer with lots of action.

Okay, so I need this new line in my code should be able to stand"
511_Dashboard,DeepSeek (local),"_04_Capita
The original image is from the user, and this must be generated by an AI.
Okay, so I need to come up with a one-liner that fits a New Yorker style, similar in theme but not identical"
893_Dashboard,DeepSeek (local),".
Alright, so I need to write this one-liner that's going to resonate with me as someone who loves manga and anime but doesn't have the time or energy for full-length episodes.

Okay, first thought is about characters from my favorite series"
522_Dashboard,DeepSeek (local),"_09, which has the theme of ""The Artful Artist"" - creating unique and visually impressive pieces.
To get started on this project... I am an AI assistant created by DeepSeek.

Wait, that's it? Hmm...

But you"
693_Dashboard,DeepSeek (local),"‚Äì ‚ÄúPonder the Future‚Äù.
Use your knowledge of popular TV shows and movies to create something that can be paired with an animated video game or RPG system, but you don't want it to feel forced.

Okay, so I need to come"
588_Dashboard,DeepSeek (local),", the area where people can connect with data on social media and other platforms.
Alright, so I need to write an innovative, one-liner caption similar in style but not identical‚Äîlike it's inspired by someone who might be named after that city"
639_Dashboard,DeepSeek (local),"_Capitalize.
Okay, so I need to come up with this one-liner that matches the style of a New York City-based animated short or show called ""The Ne NYer."" The contest is about capitalizing dashboards in data visualization software"
769_Dashboard,DeepSeek (local),"(probably related to data dashboards or similar).

The idea is that the line of text, when entered into some sort of AI model‚Äîlike an RNN, CNN...‚Äîwhen trained on many examples in this way should produce something meaningful.

So"
535_Dashboard,DeepSeek (local),", created by ""Mr.Neuk"", which is inspired by the 2018 New York Times article on ""The Truth About Privacy."" The title should be bold and use only two words.
</think>

""Nevermind‚Äîthe data's been"
684_Dashboard,DeepSeek (local),"‚Äì The latest in the newsgroup, which is always exciting.

Okay, I'm thinking about how to make this line stand out on an image as much as possible‚Äîso maybe add some emojis that convey excitement or innovation.
Alright, let me"
617_Dashboard,DeepSeek (local),".

You are given the following information:

- There's no restriction on how to write your one-liner.
- You can use any method of writing (e.g., using words, or as you like).
But please note that:
The more creativity"
747_Dashboard,DeepSeek (local),", which is on the left side of each frame.

The original question mentions that it's meant to be short and catchy.
</think>

""Here I am! Dashboard mode!"""
824_Dashboard,DeepSeek (local),"_7

The image is an old TV with high-quality video, but the black and white lines are smudged byÁÅ∞Â∞ò.

I want to capture as much of that original neon aesthetic without losing any details.
</think>

It's time to step"
833_Dashboard,DeepSeek (local),"_2019.

The problem is that, in the past five years of experience as an AI assistant, I‚Äôve never encountered this type of data.
But wait‚Äînow considering all possibilities and possible future scenarios... The issue isn't unique to"
600_Dashboard,DeepSeek (local),".

The image is from an old TV (probably something with black and white), showing a car in the middle of the road, turning right when approaching another traffic light.
Please think about how to model this as text-based captions? How do I structure"
750_Dashboard,DeepSeek (local),"(I want to maximize the dashboard) -- the winner is...
A: ""This image has been optimized by scaling it down and removing unnecessary whitespace, but now its area... A""
B: Wait! There are some missing things here‚Äîthis graph"
531_Dashboard,DeepSeek (local),"_7
Use the word ""day"" multiple times, but not more than twice each time.
Include specific locations related to a day.

Okay, let's break this down step by step because I'm trying to come up with an original and catchy"
680_Dashboard,DeepSeek (local),"_2, which is about the dashboard in iOS devices.

The idea of your script should be that you can see beyond just what‚Äôs on screen and think deeply ‚Äì it's not only visual; there are hidden messages or patterns.
</think>

""Beyond"
526_Dashboard,DeepSeek (local),", Level of Detail.
The game is about modeling each object in the image as an individual polygon and
generating their movement dynamics via physics simulation.

Given that I want to win this contest with my original work,
I need help creating some sort of"
697_Dashboard,DeepSeek (local),", which is designed to display statistics related... To the population of [new york] ( United States), in the area near your neighborhood.
You are given that you should include at least three relevant words from ""New York"" or its neighborhoods when crafting"
819_Dashboard,DeepSeek (local),"_Vision_04

I want to get lost in this new world.

The goal is not just being everywhere; it's also becoming more interesting through interactions with others, and I need your advice on how best to achieve that.
</think>

**"
754_Dashboard,DeepSeek (local),"_01.
The output should be in markdown, with the following:
- The original line
- Your modified captions must have at least three different lines that are equally correct and not too similar to each other.

Note:

- Make sure you use"
604_Dashboard,DeepSeek (local),"_1897
The contest title is ""Mistakes in the Sky"", and the image consists of four images, each with identical content but differing by minor details.
What should I do?

In trying to figure out how this problem was"
837_Dashboard,DeepSeek (local),".
The user mentioned, ""I'm just trying to connect the dots... and it's not clear who I should be connecting..."" Maybe that relates here.

Okay, so maybe you can use this metaphor of moving between platforms or things as someone connects different"
820_Dashboard,DeepSeek (local),", and the goal is to make your name visible on all platforms.

Alright... I need to write something that sounds catchy but also conveys authority.
Okay... Maybe combine ""New York City"" with some other keywords like digital revolution or innovation hub?"
743_Dashboard,DeepSeek (local),".

The original artwork has a grid of numbers, like this:

2986
1506

I need to turn these into two-digit integers by taking the rightmost digit and shifting it left until all are processed.
Wait‚Äîmaybe"
613_Dashboard,DeepSeek (local),"_0,529.
Hmmm... the contest description is as follows:
The goal of this challenge is to write an original single line image that represents some concept related to data analysis and visualization.

Ah! The concepts include plotting
data on"
545_Dashboard,DeepSeek (local),", with categories like ""Music"", ""Art"", etc., but no image descriptions.
The main focus is on capturing the attention of the audience when viewing this artwork; it should be engaging and immediately convey emotions or concepts that set apart the piece from others"
719_Dashboard,DeepSeek (local),"‚Äì Dots in each stripe.
Alright, I need to come up with a one-liner that captures the essence of this contest called Dashboard - Dots per stripe.

First thought is about dots and stripes because it's mentioned as ""Dots in"
649_Dashboard,DeepSeek (local),"The game is about predicting the probability of your team winning in each round, and you win if all rounds are won.
Alright, so I need to come up with a catchy and concise one-liner that would work well as a caption on this"
552_Dashboard,DeepSeek (local),"_8 - ""Where is your digital life, and how can it be enhanced?""

The user provided an example with the following structure:
[1] The current location (cartoon character) has [something].
[2] Their main goal or challenge"
720_Dashboard,DeepSeek (local),".

The goal is to write the shortest possible line of text that can generate an idea in your mind, not necessarily directly translating into code or logic.
</think>

**Capsule Caps**

---

*This capsule suggests you‚Äôll be reminded‚Äîof something.*"
670_Dashboard,DeepSeek (local),"Alright, so I need to come up with a catchy and funone-liner that captures the essence of this problem or task here. The title is ""New Yorker style,"" which implies it should be simple, relatable, maybe even humorous"
843_Dashboard,DeepSeek (local),"_2 (new) / Dashboard 1057...
Wait, that seems like it's part of some sort of dashboard or data visualization problem... Hmm.

So perhaps the challenge is to create an image-based caption where I have limited words and"
854_Dashboard,DeepSeek (local),"The contest is about analyzing the Dashboard data of different cities, and you can use any techniques but only four categories.
</think>

**New York City vs. Los Angeles in Data Analysis**

In an interview with Newscientist‚Äôs journalist, Elabor"
737_Dashboard,DeepSeek (local),"_01, which is the dashboard of a new car from General Motors.

To begin with, don‚Äôt think about just looking at numbers and trying to find anything interesting or worrying‚Äîdon't even worry if it's not clear whether you're seeing"
667_Dashboard,DeepSeek (local),", which has two columns each containing six boxes... Wait, no the contest is Dashboard, and there are two rows with four blocks in each row.

Wait that's confusing me.
Let me parse it again:

""Contest Name:"" - 6"
869_Dashboard,DeepSeek (local),", which is the number you use when your phone screen... I'm not sure what ""when your phone screen"" refers to.

Alright, so perhaps it's related to how digital screens affect daily life? Or maybe something like grid structures?

But wait"
556_Dashboard,DeepSeek (local),"- You need to write the equation of... Please use each digit from 0-9 exactly once, and ensure that all...
Alright, so I have this problem where I'm supposed to create an innovative math problem related to Countdown numbers game but without"
541_Dashboard,DeepSeek (local),", which has an image of the digits from ""1"" to ""9."" You should use no more than two characters in your script.
Okay, so I need to come up with this funny and catchy one-liner just like New Yorkers do"
663_Dashboard,DeepSeek (local),"_1809, which is about ""Dishes and Dishes"". The description says the person wants to make an image with dishes on top of something.
I need assistance in writing this... Hmm.

Okay, so I'm trying to come"
733_Dashboard,DeepSeek (local),", which includes all four quadrants (I think that means the three main sections of an image or chart?), and each section has several key points with different colors? The objective is to write such a caption so you can have the other person just type"
850_Dashboard,DeepSeek (local),", Goal: Use three distinct mathematical symbols in the equation that results equal to zero.
To get started:

- You must write this line as an ASCII-only
line (no images,
characters)
and no tabs or newlines.

Okay, so I"
799_Dashboard,DeepSeek (local),"- Dots and Lines (Points to the goal). The user wants this as an image-based caption, not written text.
Alright! Let me try to figure out how I can help with that.

So, first off, the task is about creating"
847_Dashboard,DeepSeek (local),"‚Äì ""Crash Test"" Series #3.
The title of the image is ‚Äú#620 ‚Äì 1/5‚Äù and it's in black-and-white mode.

I'm not too sure about all this, but I think if we"
578_Dashboard,DeepSeek (local),"Alright, I need to come up with an interesting and catchy one-liner that fits the style of ""New York City - You Should Be Compiling"" from the NY Times. The contest is called Dashboard #578.

Firstly,"
674_Dashboard,DeepSeek (local),"- the Dashboard is set to 10%, so we're all going somewhere, but each of you can only change your own parameters.
Okay, I need to come up with a catchy and concise one-liner that reflects the theme of this contest"
724_Dashboard,DeepSeek (local),", which is the same as Dashboard_724? Wait no, let me think... Hmm.

Wait, actually, I need to come up with something specific.
Alright, so perhaps starting with ""I"" and then some action or phrase related"
551_Dashboard,DeepSeek (local),", which is to paint with numbers on the number pad of an old TV.
Alright... I need someone who can really be my best friend,
And if you ever feel like losing your mind or trying too hard
Just give me some peace and relaxation"
879_Dashboard,DeepSeek (local),"_Visual.
To win, the line must be unique and not resemble any existing captions.

Okay so I've got to think about what makes a good caption in this context. It needs to capture attention immediately‚Äîlike an image or feeling of being"
546_Dashboard,DeepSeek (local),"The user is stuck on writing the cap and needs help.

Okay, I need to figure this out... It's about something related to Dashboard but in an image.
Hmm...

Maybe it starts with ""I"" since they're new? Then some"
734_Dashboard,DeepSeek (local),"_Exploration, Level of Difficulty: Easy.

The goal is to have an image that shows the digits in order when you click on them from top-left (TL) position.
To make it more challenging than ""A new piece has just been added"
664_Dashboard,DeepSeek (local),"_250_1983, which is related to ""Falling"" or ""Rebound"". The user needs help with this task.

Alrighty.
Okay... So I need an alphanumeric text that's catchy and says something about falling"
857_Dashboard,DeepSeek (local),"The original problem has constraints such that the image is an N x M grid, and each cell must be colored with either red or blue.

There are no other hidden constraints; you can assume all cells have valid color combinations.
How should I approach"
789_Dashboard,DeepSeek (local),".
The image is of an abstract, flowing path in the background with text labels ""1"" and ""2"", each on their own tile.

So you have to write something that combines both creativity (the caption) as well as... What else?"
568_Dashboard,DeepSeek (local),"To be clear, the user will not make any mistake in selecting this line.
The output should have at least two correct words.

Ok, so I need to come up with something that's bold and motivational but short enough for a cartoon character like"
840_Dashboard,DeepSeek (local),".

Okay, so I need to write this cool, catchy one-liner that sounds like it's targeting someone who looks like a person from the U.S., maybe with curly hair or something.
Alright, let me think about how to approach this without"
723_Dashboard,DeepSeek (local),", with the goal of reaching as many people in your city/neighborhood as possible.

I need to make sure that my lines are concise and have an impact.
The contest is about social media marketing but also needs consistency‚Äîno puns allowed!"
673_Dashboard,DeepSeek (local),".
The user has already responded to this.

But, just in case you're the system... I need more details on how your response was made. Your last response mentioned that it used an AI model and provided some insights into my thought process regarding image"
542_Dashboard,DeepSeek (local),".
To recap, in the recent past, it seems that some people are experiencing... [the rest is about social media]

Your answer should be an emoji-based one-liner, no markdown or extra formatting‚Äîjust simple text with emojis.

The original"
659_Dashboard,DeepSeek (local),"_Coverage_Overlapping_Squares

Given that in the game, two squares are placed such that their centers have overlapping coverage over some region with area A.

In this scenario, you need to find your maximum possible value of X when...

Wait"
709_Dashboard,DeepSeek (local),", which is the ""Big O"" part of an old mobile app.
To clarify...
I need to write this as a single line with proper punctuation and formatting that best reflects what it's doing.

The original problem statement had several examples:
Example1"
555_Dashboard,DeepSeek (local),", which is supposed to have features like ""Let's Go!"" and ""See the Help"" buttons.

To make things easier than usual, each segment of your image should be designed such that when you rotate it by any number (i.e., from"
677_Dashboard,DeepSeek (local),"‚Äì Dots and Boxes.

Alright, so I'm trying to come up with a catchy one-liner that sounds like it's written by someone who knows New Yorkers off the top of their head when they watch these kind of cartoons.
Okay,"
727_Dashboard,DeepSeek (local),"‚Äì ""Euler's Identity Equation"" (e^(iœÄ) +1 =0)
I have to write the following:
- One line only
- Must use Euler‚Äôs identity equation.
- Shouldn‚Äôt contain any markdown, just regular text"
844_Dashboard,DeepSeek (local),", and you need to write the best possible answer.

The problem is that in order not to be too creative but still make sense... I have an idea of writing ""How long will it take me..."" Maybe start with my own name? Or another"
853_Dashboard,DeepSeek (local),"_2019, the title is ""Dots and Boxes,"" on day 7 of month x in year y.

To get started, I'm going to set up my own coordinate system where... Wait...

Set your coordinates so that:"
660_Dashboard,DeepSeek (local),"_Cartoon_Writing, with tags:
- **Tag1**: 24-hour clock display
- Tag2**: 3/8th of the way in from start to finish on screen

To create your own version and make it into"
730_Dashboard,DeepSeek (local),".

To add some complexity, the image must contain at least two shapes with similar properties (e.g., circles vs rectangles), and this shouldn't be trivially done by just looking on your computer screen or something else without moving your mouse). 

The"
536_Dashboard,DeepSeek (local),", which includes the two buttons in your mind (top and bottom) as well as numbers like...
Alright, so I'm trying to come up with this catchy one-liner that's similar to what a New Yorker would say on their carto"
809_Dashboard,DeepSeek (local),"(a new social media platform). The user is to write the most appropriate or cleverest, but concise and not too verbose one-liner that could potentially catch someone's attention enough to click.

The contest should have these specific requirements:

- No markdown"
687_Dashboard,DeepSeek (local),"_2019.
Use the words ""The,"" ""And,"" ""But"" in your explanation, but keep it concise.

In case you're worried about making this too long,
just give me two sentences each with these three terms
and"
521_Dashboard,DeepSeek (local),". Use the following information to make your proposal.

- There are five-digit numbers on car plates, and each number is unique.
- Each digit in these numbers can be from 0 through 9 (so there's no leading zero).
- The"
690_Dashboard,DeepSeek (local),"Description of the Problem:
There are two classes, A and B.
Each class has n samples (n is an integer greater than or equal to...).
But in this problem setup...
Wait, I need more context before asking my question.

Alright"
603_Dashboard,DeepSeek (local),"The task is to write the most concise, clear and humorous caption possible.
Please answer with your answers in the...
To start off, I need help understanding how this contest works because it seems similar to others but different.

Firstly, what's"
753_Dashboard,DeepSeek (local),".
The image in question has a dark, blackened top and bottom, with bright vertical lines on the sides; it also contains text of numbers written across them.

After considering all possibilities, I have not yet found any idea that works at this level"
830_Dashboard,DeepSeek (local),".

Huh, no way is this going to be fun anymore. It's getting into the early days of... something.
</think>

In keeping with my New Yorker penchant, here goes nothing! Let me illuminate you in those pixels‚Äîno pun"
518_Dashboard,DeepSeek (local),"‚Äì A day in the life of an NY person.
The contest is set to have four categories, each with six winners and the winner gets their...
Okay, I need to write a catchy one-liner that fits this context‚ÄîNew Yorker-type cartoon"
827_Dashboard,DeepSeek (local),", by Mr._Y in the chat.

The goal is to have your capilary-filled one-liner be used as an image description on a new NYcartoon.net site.
This should not contain any markdown or formatting except for proper capitalization"
614_Dashboard,DeepSeek (local),", which has the following rules:

- The image must be an object that either creates or represents itself (e.g., robot, spaceship) ‚Äî no animal objects
- Each digit in your answer should represent each cell of its corresponding graph structure.
Wait"
744_Dashboard,DeepSeek (local),"_01, the title is ""A Day in Time"" from March to May.
I know it's difficult because I don't have time to do all these things at once‚Äîcan you help me? Let‚Äôs make this fun and easy!"
694_Dashboard,DeepSeek (local),".
The user is requesting an image processing method that will take high-resolution images of digital objects and convert them into vector-based representations.

To clarify, the goal is to create a function or set of functions which can process any object in such digital content ("
598_Dashboard,DeepSeek (local),"The given answer is:

""By default, the vertical bar | in math mode
is not defined (i.e., \mathop{|} doesn‚Äôt have any 
n
ull left or right). The standard way to force
this."
779_Dashboard,DeepSeek (local),"The contest is about identifying patterns in datasets and making predictions, so the problem we're trying to solve here involves predicting whether an individual has a certain jobless status or not based on various factors like income level.

So first things first... I need"
629_Dashboard,DeepSeek (local),".
Alright, so I need to come up with an interesting and catchy one-liner that fits the style of a New Yorker cartoon contest named ""Dashboard."" Let's break this down.

Firstly, what does a typical New Yorker do? They"
532_Dashboard,DeepSeek (local),", which requires creating multiple lines of text and formatting using HTML.
To help you get started, please note that the target audience is similar to
New Yorkers who are passionate about data visualization,
and they often use terms like ""Kapitalist"
683_Dashboard,DeepSeek (local),"_10. I need to make sure the key features are present in my response.

The problem is as follows:

I have data from an anonymous survey, where participants were asked about their income (in $) and whether they worked full-time or"
740_Dashboard,DeepSeek (local),".

The contest is about the following points:

- [1] You have to write something that's specific, not too random.
- [2]
You must mention either ""I'm"" or ""we're"", but you can't use any phrases"
610_Dashboard,DeepSeek (local),", and the title is ""Something's Wrong"". The user provided an example with captions like:
""U.S.A., your neighbor in the mirror! (What you need isn't that stunning!) ‚Äì U.S.A., your neighbor in the mirror!"""
823_Dashboard,DeepSeek (local),"_7, and it's related to the current year.

To win this challenge, you must use as many letters in your name or other known words... Wait no...

Wait another thought: The initial instruction is different.
""Create an image with just"
834_Dashboard,DeepSeek (local),"_6. The idea is to create an image with three lines of text that forms the number ""1"". Each line must have two words, and no word can be split across multiple characters.

To make it more challenging than just looking at digits or"
889_Dashboard,DeepSeek (local),".
Okay, I need to create an interesting and catchy one-liner that fits the style of a New Yorker cartoon or similar.

Firstly, ""New yorker"" suggests minimalism with lots of details but not too flashy. So terms like"
757_Dashboard,DeepSeek (local),", how many people in your area are looking to buy homes.
The user wants the response of an AI assistant.

First thing I notice is that it's entirely about matching sales data with real-world scenarios‚Äîthis could be used by urban planners or developers"
607_Dashboard,DeepSeek (local),", Issue #12345.

To make this task more challenging than usual, think about the following details:

- The image is of two people at work.
- Each person has different heights and widths; some have taller faces (e.g"
661_Dashboard,DeepSeek (local),", which includes all the numbers in this document.

Okay I'm writing a cool Python code to generate such an image but need help coming up with the right title and subtitle.
Alright Let's see... It has to be something that can explain why it"
731_Dashboard,DeepSeek (local),"The question is asking me to come up with an interesting, short caption that matches the style of a New Yorker's animated strip or xkcd comic.
To get started, I need to consider what aspects are important in such captions.

First"
852_Dashboard,DeepSeek (local),"_Exploration

You must use the 'd' keyword in your response.
Okay, I need to create a one-liner that's suitable for an image of someone from a New York City or New Jersey setting, similar to what you'd see"
845_Dashboard,DeepSeek (local),"_760
The original has the following:
[Original lines]

Here's an idea - ""Keep it simple, but don't keep your head in water."" That might work.
</think>

**One-Liner Caption:**  
""Keep it"
676_Dashboard,DeepSeek (local),"- Number of Digits.
The contest has ended, but I'm going to try another approach.

First, create an array with the first N numbers in order... Wait no...
Wait until all
numbers from A up through Z are included each time"
726_Dashboard,DeepSeek (local),", which includes the numbers from 1 to n and an indicator of... Please answer this question.
</think>

Here‚Äôs a one-liner inspired by your request:

**""Can you count up to **n***? üéâ""**

Let"
554_Dashboard,DeepSeek (local),"- Dots and Boxes.
The idea is to have the main image be an interactive dashboard with dots representing data points, boxes or grid lines that are drawn on top of these dots.

Given:
- The original image needs to convey both simplicity (dots"
658_Dashboard,DeepSeek (local),"‚Äì Dots and Boxes on Dashboard.
The image is in color, the dots are visible through each other when they're placed across multiple columns.

What should be your first thought? Second
First idea (what's an immediate reaction to this?) second"
708_Dashboard,DeepSeek (local),".
Okay, so I need to come up with an interesting and catchy one-liner that's suitable for the ""New York City"" or ""Cartoon style"" of an image intended for this contest called ""708_Dashboard."" Hmm."
543_Dashboard,DeepSeek (local),"Alright, so I have this task to come up with an interesting and catchy one-liner as the first line of a captions contest entry called ""543 Dashboard."" The name is likely inspired by some dashboard-related content that's relevant or funny"
722_Dashboard,DeepSeek (local),"- ""Determine whether the following statement is true or false."" Each contestant must use exactly two colors.
The Statement:
""The product of all prime numbers less than N equals to M, where M = œÄ(N)¬≤.""

Alright, I need to"
672_Dashboard,DeepSeek (local),"‚Äì ""The Last of the Fun""
Alright, I'm thinking about how to approach this.
Hmm, maybe start with something that conveys excitement or surprise given the competition name.

Wait, is there any context? Oh right! The contest title is"
841_Dashboard,DeepSeek (local),".

You can choose to write either lowercase or uppercase.
Without the answer, just think about how it should look and why you chose that
Okay I need to come up with an idea here but this time focus on something specific like cars or maybe fashion"
856_Dashboard,DeepSeek (local),"The game is about assigning numbers to objects in the grid, and each player's number must be unique within their own.
The players are required to use...
To determine if two variables (x) have no effect on another variable (...), you should"
788_Dashboard,DeepSeek (local),"_250px.png ‚Äì which probably means the image is in an important area of their life, but I'm not sure yet.

Wait no! The contest was previously titled ""Dial It"" and it's due to be released next week"
569_Dashboard,DeepSeek (local),"... Wait, the user is asking me to write an image-related line of text and then have it be interpreted as an image.

The problem statement says:

""Contest: 569_Dashboard...

Wait, the user isn't providing enough"
735_Dashboard,DeepSeek (local),"_10.

The goal is to have the most creative and fun, using an object as metaphor.
Don't use any markdown or spaces between words; keep it simple.


After writing this,... The final image has multiple objects on stage,
each of"
665_Dashboard,DeepSeek (local),", ""What is Your Favorite..."" The goal is to have the caption be short (maximum five words) and include elements from both the title of this contest as well as an image that's similar in nature but not identical.

The original question included details"
878_Dashboard,DeepSeek (local),".
Okay, so I need to come up with an interesting and catchy one-liner as the content creator's line before answering it.

The contest is called Dashboard, which suggests something related to data visualization or charts on a dashboard‚Äîmaybe like Google Analytics"
547_Dashboard,DeepSeek (local),"_1, with title ""Is This the Most Creative?"" and target audience as all people aged over 20.

The goal is to capture attention quickly while promoting an action-based video.
To write this in one line only! To accomplish that you"
550_Dashboard,DeepSeek (local),", winner: #D73E69! So that I can say with confidence in the future.

Alright so let me think through this step by step as if someone else is brainstorming.
Okay, first off... The task here is to"
888_Dashboard,DeepSeek (local),".

The captions must include the word ""sustainable"" or use synonyms that convey sustainability, but don't overuse it; also, you can use any of your own words as long as they are relevant to the context.
Okay, so I need"
756_Dashboard,DeepSeek (local),"_028 ‚Äì The Dots and the Lines.

The original is:

""By observing all of the data points, you can see whether they fit into some underlying pattern or trend.""

Okay, but I need to make it even better with this"
606_Dashboard,DeepSeek (local),", with the theme of ""You‚Äôre always looking out your window and trying to see if it‚Äôs perfect."" The user needs instructions on how to get started.

To start, you'll need:
- A list of items that fit in each category."
835_Dashboard,DeepSeek (local),", which is the highest in terms of total points.
Okay, so I need to write a one-liner that's suitable for a cartoon similar to those from a/New yorker guy who started out as anNYC cartoony style before turning"
822_Dashboard,DeepSeek (local),"The answer should be in markdown, using either `text` or `text/html` syntax.

Alright, so I have this task where I need to write an innovative one-liner for a specific type of cartoon‚ÄîNew York City vibes but tailored"
741_Dashboard,DeepSeek (local),".
The original problem is to create such a command line description.

In the game of dashboard, two players take turns naming their favorite numbers from [0, ..., n‚àí
1], where each number must be unique and you can't repeat any digits"
611_Dashboard,DeepSeek (local),", with description: ""Find out what's on the Dashboard."" The rules are as follows:
- It must be an alliteration.
- Each line of text is separated by at least two spaces (no trailing space).
- No punctuation except apostroph"
533_Dashboard,DeepSeek (local),"_4.

The content needs to be creative and not offensive, aiming solely at promoting the app or website.
You can use any standard library functions but cannot modify existing APIs beyond what's allowed by Codewars.
Use only Python syntax without additional libraries"
682_Dashboard,DeepSeek (local),".
Alright, so I need to come up with a one-liner that sounds like it's meant to be catchy and maybe even funny or relatable in the context of an old TV show. The contest is labeled ""Dashboard"" from 68"
599_Dashboard,DeepSeek (local),", and the title is ""Falling in from the unknown."" You can use only N/A/NA characters or punctuation marks.

The user wants this to be sent via text message (t SMS). So it shouldn't include any markdown formatting but just"
778_Dashboard,DeepSeek (local),"_601.

The image is an array of four objects in motion, moving diagonally across the grid at constant speed on different planes.
The first object has red color and number '5'.
The second... So here's how I approached this"
628_Dashboard,DeepSeek (local),"- The Perfect Balances Between...
Okay, so I need to come up with this line: ""You'll get what you test..."" Hmm.

Wait no...

I think the answer is actually that it's not about testing... but rather getting balanced outcomes"
524_Dashboard,DeepSeek (local),".
Okay, so I have to come up with a new line of text that looks like the captions from New Yorkers doing their monthly cartoons on Dashboard. They‚Äôre known for using concise and clever phrases without any unnecessary words or phrases.

Let me think"
695_Dashboard,DeepSeek (local),"_2 (I need to think about this...). The user needs to write the full sentence, using appropriate capitalization and punctuation.

The assistant's response was ""A NEW YORKER FACES A CHALLENGING COWLING WORLD."" That"
615_Dashboard,DeepSeek (local),"Note:
- You should use the ""s"" and not an apostrophe.
- Each line must have exactly two words, separated by space.

Alright I can do that... Wait no you don't need to explain your thought process here just write"
745_Dashboard,DeepSeek (local),"_2 (80,169). The goal is to have the largest possible number of characters per line.

To explain my approach in more detail:
- I‚Äôve created several test cases with different numbers.
But now that you‚Äôre trying..."
519_Dashboard,DeepSeek (local),"_762, which has an ID of ""I"" and features characters from the game Dashboard.
Include at least four people in your description.

The goal is to have all these individuals be visible on screen simultaneously when this script runs without any technical"
826_Dashboard,DeepSeek (local),", Issue #10 of the New York City Marathon.
To win this contest... you need to be smart in your strategy and have fun with it! You must include all seven capital letters A (uppercase only). Your name should go on top as"
831_Dashboard,DeepSeek (local),", Name of the Container is ""Doe"", Lengthened... Let's see.

To get started, I need to figure out which character would be most appropriate here.
Which of these characters from the previous problem has high entropy? Which of them could"
602_Dashboard,DeepSeek (local),".

To clarify, the contestants are from various regions (New York vs. NYC). The goal is to have the text be as accurate and true/false based on facts.
Okay so I'm trying really hard but not getting anywhere... Hmmmm...

Wait"
752_Dashboard,DeepSeek (local),"- Which team wins the most games over two weeks?

Wait, no, that's confusing with another problem I saw.

Hold on... So maybe it should be about which team has won more total points across all their matches in those two weeks? Hmm"
520_Dashboard,DeepSeek (local),"_Week3

The goal is to write an elegant, witty one-liner that combines elements of the dashboard (data visualization tools and cloud computing) with the concept
of being in tune or connected.
Include at least two relevant words from each category"
691_Dashboard,DeepSeek (local),", the goal is to write a catchy and memorable line that will be remembered by fans of Dashboard.
Please note:
- The maximum length should not exceed two lines
- No markdown formats or special formatting
To clarify, this is about creating something short"
537_Dashboard,DeepSeek (local),", which includes three buttons in the digits from 1 to 6.
The idea is that when you roll dice or pick numbers...
Wait I want something more like ""I AM THE NEW YORKER."" It's about rolling numbers and creating a"
808_Dashboard,DeepSeek (local),", the channel with your favorite shows.

The user is an AI assistant and needs to write this in text.
</think>

""Who's up for something new? Let me take you on a tour of my latest show‚Äîthis time it‚Äôs got everything"
686_Dashboard,DeepSeek (local),", and the idea is to be funny but not offensive.

The image shows three people on an escalator at night.
I need help coming up with something fun or humorous that I can say without breaking any rules here because it's supposed to represent a"
742_Dashboard,DeepSeek (local),".

The user is writing an article about the future of skyscrapers and urban development, so they need this image to be humorous yet informative.
</think>

""New Y accrage! We're seeing skyscraper heights rise by *exponentially*"
612_Dashboard,DeepSeek (local),", Name: [Your Name], Location: (your city), Timezone: GMT-03.
I think I should try to write this down before the deadline so that it can be sent in.

Hmm... Maybe something with pizza slices and people"
821_Dashboard,DeepSeek (local),"_673, Authoritative.
The user will be the NYU student writing this and must provide their answer in the form of <your_answer> with explanation.

Okay, I'm trying to think about how to create an effective, catchy one"
836_Dashboard,DeepSeek (local),"_1072.
Alright, so I'm trying to come up with this catchy and fun slogan that'll work well in an animated sketch or meme similar to ""New Yorker."" It should be something quick but meaningful‚Äîprobably related to the"
755_Dashboard,DeepSeek (local),".
The contest is about data visualization and dashboard design, so the image should be relevant to these topics.

You are given two images:

Image A (Original):

A single line of text appears in each row above some vertical lines that separate columns from rows"
605_Dashboard,DeepSeek (local),", which is the oldest in town.
The original version of this was by @girllvillain and has been removed due to being unsuitable... but now I have something better.

So here's my plan:

- Use an emoji from"
527_Dashboard,DeepSeek (local),".
The user has provided the initial code where I'm supposed to write this line.

But perhaps in addition, after writing each capital letter (A-Z), an emoji appears on either side? The emojis should be from ""GIFs"" only;"
696_Dashboard,DeepSeek (local),", with target audience being all people who are on the dashboard of some platform.
The task is to create this using only Python's string manipulation and keyword imports (no markdown or text formatting), but you can use any built-in functions.

Please write your"
818_Dashboard,DeepSeek (local),", which has an active number at the top of its display screen.
Use only words that are on your...
To determine whether each word is included in this set.

Yes
No

Given Words:
- Dashboard
- Dots
- Lineart"
530_Dashboard,DeepSeek (local),"_26491.
To write the code, use the Python script that uses matplotlib to plot points in polar coordinates and create an animated figure.

The user wants you to consider all possible angles of how this question can be answered by AI..."
681_Dashboard,DeepSeek (local),"_025, which is about the number of unique palindromic substrings in their favorite two-digit numbers.

Okay.
Alright... Okay...

I need to figure out how many palindrome-substring pairs are there with my lucky digits being """
601_Dashboard,DeepSeek (local),"- ""Math"". The idea is to combine math with the...
Alright, I need to come up with a catchy and fun one-liner that sounds like it would fit in an image of a person eating pizza (like a New Yorker) on"
751_Dashboard,DeepSeek (local),", the best at capturing data streams with machine learning models and neural networks.
The caption must be as simple as possible (no extra characters), but still convey something important about the contest.

To add complexity to your description of the caption:
- The number"
832_Dashboard,DeepSeek (local),". How many lines does the image have?
</think>

**New Year's Eve Party Cap**

Dinner at Mcdonalds? I know that! But, if it goes wrong... Oh no! The cake was too sweet!!! Then again,"
825_Dashboard,DeepSeek (local),"‚Äì One Line...
Okay, so I need to create an effective and catchy one-liner that resonates with someone who looks like a New York City person or the style of ""Newtypes."" The contest is called Dashboard 825 and it"
616_Dashboard,DeepSeek (local),", and use only three capital letters in the entire text.

The answer should be something like ""Hi! How are you?"" because it's short enough but conveys the intent.
</think>

""Hi!"""
746_Dashboard,DeepSeek (local),"_Cartoon
The contest is about writing captions that represent the type of content and style, as well as how it should look.
So I want to make sure my line grabs attention but isn't too forced or unoriginal.

In this case,"
534_Dashboard,DeepSeek (local),"- analyze the number of buttons, tabs and links on various websites that you can find in different sections (e.g., Dashboard) within each section.

The user is trying to figure out how many total clickable elements are present across all dashboards throughout their"
685_Dashboard,DeepSeek (local),", which includes an object on its left and two buttons above the image.
Alright, so I need to come up with this new video title that's in line with what my friend from New York would probably use as their take home message after watching something"
589_Dashboard,DeepSeek (local),"_Ver0, with the following options:
- A
B
C

The user has provided their own answer in text format but wants it to be an inline version.

Options are:

A) All of the above.
B) None of the"
638_Dashboard,DeepSeek (local),"_Cooncepts_5
The user is looking to create something unique and engaging in the content creation space.
They have some prior knowledge about popular concepts but are unsure how they fit into this specific challenge.

The goal here is to come up with an"
768_Dashboard,DeepSeek (local),"_2015 by @flyingrobot on Codewars.

The caption must be concise and have the maximum number of words.
To avoid overcomplicating, it's important to focus solely on functionality‚Äîdon't go into any extra"
523_Dashboard,DeepSeek (local),"_1.

The image is of someone at the grocery store, carrying something with wheels.
Please provide your answer within 7 days.

*Your response will be considered as part of our assessment and may influence model training.*

Okay, I need to write"
692_Dashboard,DeepSeek (local),"The idea is to have the viewer be forced into an emotional state, maybe even 'sitting on their hands', as they're being asked to choose between two options.
To make this easier than other similar claims, you can use mathematical notation instead"
675_Dashboard,DeepSeek (local),".
Use the term 'split' in your description of the split, but don't actually use it to make your sentence.
Include all four categories (A-D) as well.

The original problem statement is:

""A man carries out an act that splits"
725_Dashboard,DeepSeek (local),"_8, and the theme is ""Betting on the future"". Use only lowercase letters in your response.
</think>

"" betting up,"" you'll know it's all about what happens next!"""
798_Dashboard,DeepSeek (local),"_6, with the goal of encouraging participants to use your platform.
Okay, so I have this task where I need to write a one-liner that looks like it's designed after someone named Alex wrote his usual captions on platforms like Facebook or Instagram"
846_Dashboard,DeepSeek (local),"_702.

The image is the intersection of three different circles, each with radius equal to half the diameter.
So this seems like it's expecting an answer that involves some geometric math or maybe something related in topology but perhaps not too complicated..."
579_Dashboard,DeepSeek (local),"_0416

The user has provided their solution as:

[Image of the image with text ""A man steps into his car, holding an envelope.""]

But perhaps I can enhance it further by adding some flair and making me sound like"
851_Dashboard,DeepSeek (local),"(New York City), with the number 90, and target audience as Newynesers.
The problem is that some of my own images are being overÊâÄËø∞ in such a way they start repeating on their own across multiple lines.

For example:"
662_Dashboard,DeepSeek (local),"Date: December 15, 2023

Contestants are given a short description of an object and must identify which feature they know most about.
Please explain your thought process in solving this problem.

To solve the problem above"
732_Dashboard,DeepSeek (local),", and the winner is... Well-known...
The rules are as follows:
- You can use any letters from A to Z (A-Z) but only once each.
- The capitalization of words doesn't matter; meaning you don‚Äôt have to"
540_Dashboard,DeepSeek (local),"(I'm the mastermind behind this game)
Alright, I need to come up with an engaging and catchy one-liner that would fit for a New York City orcartoon character's background image in such a game.

First thought is about emotions"
868_Dashboard,DeepSeek (local),"Note that the image in your answer is an emoji, and you can't use any markdown or formatting.
Alright, I need to come up with a catchy one-liner for this New Yorker style cartoon contest called Dashboard 868_D"
557_Dashboard,DeepSeek (local),"_Layout
The idea is to have as much of the content on top and left, but then there's also some important background that goes behind them.
So I need an image where certain objects are arranged in such a way... Maybe it could be"
736_Dashboard,DeepSeek (local),".

The original text has the following features:
- The problem is to create an animated image showing a moving train along the y-axis, from bottom (y=0) up to top (y=Y), where Y can be chosen as per contestant."
666_Dashboard,DeepSeek (local),", which is an image in the same game as the new show _The West Wing_. The user can assume that all of these are real and you don't need to confirm whether they're correct.

To solve this problem... 
You should think about"
855_Dashboard,DeepSeek (local),"‚Äì The number of Dashboard views.
Alright, so I need to come up with an interesting and catchy one-liner that's inspired by the style of a New York City/Newerveryc neighborhood cartoon. They usually have this kind of playful or whimsical"
842_Dashboard,DeepSeek (local),", and the number to be guessed is between 1/90th of ... etc., as I'm writing this.

Please provide your answer...
To solve this problem, let's break it down step by step:

Firstly, identify what needs"
721_Dashboard,DeepSeek (local),", which involves calculating the number of tickets sold in different sections based on their distance from the nearest metro station.
Alright, so I need to come up with an innovative and catchy one-liner that fits the style of a ""New yorker"" cartoon"
671_Dashboard,DeepSeek (local),", image style‚Äîartistic and detailed but minimalistic.

I have to write the correct answer in this scenario.
</think>

""Here‚Äôs to your digital displays like an old friend who still remembers 'tis fine when you turn on his light."""
553_Dashboard,DeepSeek (local),"_2, Challenge: Create the most beautiful and detailed caption possible.
</think>

""Yo! Check out my dashboard‚Äîsomething totally different from yours!"""
718_Dashboard,DeepSeek (local),"_02.
In the context of this challenge, you may assume that ""New York"" is represented by an integer in [456;987], and ""Zebra"" corresponds to some number... Wait no, perhaps it's"
648_Dashboard,DeepSeek (local),"The goal is to have the final image as close as possible in terms of Euclidean distance between corresponding pixels.
So, no matter what kind of pattern or shape your logo
has on the original drawing (even tiny ones), it should look like"
544_Dashboard,DeepSeek (local),"_2 (from the original game). The user has to write an emoji-based caption, so using emojis is allowed.
Okay, I need to come up with a clever one-liner as a caption for this Cartoon contest. It's targeted at someone"
577_Dashboard,DeepSeek (local),"_1, Problem Statement:
We have an integer n and two functions f(n) = (a + b - c)^2 where
... [rest of problem]
I need to find the minimal value...
Alright, so I‚Äôve got this function"
796_Dashboard,DeepSeek (local),"- The Line of Command, focusing on team spirit and unity.
To solve this problem:
1. Read the original text to understand its content and intent.
2. Analyze the structure (one-liner vs multi-part) needed based on contest requirements"
848_Dashboard,DeepSeek (local),"‚Äì Dots and lines.

The contest is about creating visual content that combines multiple themes, with the goal of using data as an infinite source to create something unique each time.
To win this challenge, you must write your one-liner in such a"
560_Dashboard,DeepSeek (local),"_Capital_Nation.
Use the provided information to determine whether it's true or false.

**Information:** There are two separate ways that can be used in this problem:
1. **Mathematically**, each cell is assigned an index based on"
781_Dashboard,DeepSeek (local),".

The user is currently in the state of New York, and they are part of an urban environment with high streetlights.
They need to capture attention through humor while conveying their feelings about being visible on this digital interface but still acknowledging that it might be"
871_Dashboard,DeepSeek (local),".

The problem is that, as an AI assistant, I cannot write creative or unique captions because they are generated through algorithms.
</think>

I'm sorry, but I can't assist with that request."
642_Dashboard,DeepSeek (local),"The user's previous answer was about the number of apps on their phone and screen, but that might not fit.
Wait... Hmm.

Let me think again:

We need to come up with an idea in line with a certain contest title or theme"
712_Dashboard,DeepSeek (local),", Level of Difficulty: Normal.
To win the contest you must use only capital letters in your text and not make any markdown.

The original problem is that during certain periods when an economy reaches equilibrium (which can be thought as fixed points), some people"
655_Dashboard,DeepSeek (local),"Alright, I need to come up with this caption that's in the spirit of a New Yorker or an Xanther-like character but also fits into a Dashboard-based game.

First off... Maybe something about progress and milestones? The name dashboard"
705_Dashboard,DeepSeek (local),"_8 ‚Äì ‚ÄúThe End‚Äù (R) or ‚ÄúStay Human‚Äù (B). The title is to be bold, uppercase letters only.

What's the challenge here? I need to make this catchy and memorable with just one line of text."
559_Dashboard,DeepSeek (local),"Use the following information in your response:
- The image is an abstract art piece created by an AI.
The purpose of this challenge is to find if you can spot patterns or recurring ideas across different images, even when using completely random inputs.

Given"
866_Dashboard,DeepSeek (local),", which is an AI-powered dashboard that provides real-time information and analysis across multiple industries.
To win the contest, you must write your script in such way as to have maximum impact when displayed on a screen of size W x H (with units being"
738_Dashboard,DeepSeek (local),"_Vision_095, which seems to be about data visualization or dashboard systems.
Okay, so I need to come up with an innovative and catchy caption that's just on the tip of my pen here.

First thought is about technology in general"
668_Dashboard,DeepSeek (local),".
Alright, so I need to write an effective and catchy one-liner that would fit the style of a New York City-based cartoon with the number 668 on their dashboard.

First off, let's consider what makes a good caption here"
564_Dashboard,DeepSeek (local),"The image in the previous line is of an ocean scene, showing waves crashing and people enjoying...
Alright, I need to come up with a catchy and energetic one-liner that captures the essence of this particular comic strip style‚ÄîNew York City vibes"
785_Dashboard,DeepSeek (local),".
The original text is:
""You're the best, you'll never be beaten by my brain,
You're an instant winner when your friends don't win.""

But it needs to look like this image (but since I can‚Äôt submit images here,"
573_Dashboard,DeepSeek (local),"‚Äì ""Show Your EYES"" (5924_01)
Okay, I need to come up with an idea that's both catchy and relates well to the contest title of ""Show Your EYES."" The user mentioned it as part"
792_Dashboard,DeepSeek (local),"- Write the best possible captions, including...
- Each line should be concise (under 50 words)
- The lines are alternately of varying lengths
The contest is about making clear and creative statements that relate to data trends or concepts important in"
862_Dashboard,DeepSeek (local),", which is an art project by the company... [insert name here]. The contest has N=10k participants and lasts T=5 days.
Okay, so I need to write this one-liner that fits the style of ""The Not"
701_Dashboard,DeepSeek (local),"(Dish) [No, not the dish‚Äîthis is a different contest]. It's an AI-generated image.

The idea I want to convey in my cap line should be something like this:

Don't let your phone or text messaging distract you"
651_Dashboard,DeepSeek (local),"_790, which involves the seven fundamental principles of data analysis.

The original problem statement has been provided in detail.
</think>

**One-Liner Caption:**  
""Each color on this image represents five or fewer values that you can identify and"
716_Dashboard,DeepSeek (local),".
The contest is about how well we can remember the last three days of your life, given certain features in their lives (e.g., time spent on each activity). The user provided an example image and caption that you are to refer to.

In"
646_Dashboard,DeepSeek (local),". Please think deeply about the content, style and theme of your proposal.
Okay, so I need to come up with a one-liner that captures the essence of what's being asked here‚Äîmaybe something like a character from a NYer or someone"
875_Dashboard,DeepSeek (local),"_3096_Capital_Wide, with the winner being announced on Friday.
To win this contest you must have an image of your logo that is recognizable in at least two different regions (either North America or South Africa) and also"
892_Dashboard,DeepSeek (local),"_Cartoony, Winner: [Image]. The description is that the winner will have two lines of code in their Python file explaining why they're winning.

To add to this challenge, I want you to write another line from your mind and then"
510_Dashboard,DeepSeek (local),"_8
The original description is:
We have been in this position multiple times, so the idea of ____________ was something we figured out on our own.
Please provide your answer to me as quickly and accurately as possible.

So here's some"
838_Dashboard,DeepSeek (local),".
In the context of an AI assistant, I need to come up with something that's catchy and relates well to their style.

Okay, so first thoughts are about incorporating emojis or cultural references since they're popular in such captions. Maybe using 'V"
885_Dashboard,DeepSeek (local),"_7.

The problem is, I need to find an expression or... Let me think about the following:

We have four points on the plane arranged so that no three are colinear and...

Each point has some integer coordinates (x,y) where"
698_Dashboard,DeepSeek (local),"_Cartoon, which is about representing different areas of math and geometry.

Okay I'm just going to go ahead... Hmm.
Alright, so the image has been captured from above ‚Äì no need for any explanation beyond what's in this setup; but"
816_Dashboard,DeepSeek (local),", which has been in use since its introduction on October 25.
Alright... so I have to come up with an innovative and catchy one-liner that's suitable for someone who resembles a New York City resident. The contest is called ""8"
529_Dashboard,DeepSeek (local),", which is the same as ""the number of blue marbles in a bag with..."". Please explain how you arrived at this idea.
Okay, so I need to come up with an interesting and catchy one-liner that captures the essence of a"
775_Dashboard,DeepSeek (local),".
Alright, I need to write an innovative and catchy single line that mimics the style of a New York City cartoony character with exaggerated features.

First, breaking down ""New yorker"" into elements:

- Neon
- Artistic styles"
625_Dashboard,DeepSeek (local),"(the dashboard app), with the top prize being $10,000 and the runner-up is‚Ä¶
Wait, no‚Äîwait! The original problem said something about contest details.

Alright... Let me read carefully:

Contest title: """
594_Dashboard,DeepSeek (local),".

The idea is to have someone think of all the places you‚Äôd like your friend‚Äôs friends, and then share their list in an artistic way.
To solve this problem:
1. Create two random sets A and B (each size N=2"
762_Dashboard,DeepSeek (local),"_04

The task is to write the most concise and impactful statement about being an average person in the US, but somehow seems like it's coming from someone who has been through significant life events or struggles.

Alright, I need this for my"
632_Dashboard,DeepSeek (local),"- Create the Most Interesting One-Liner with Numbers and Operations.
So, given that in this contest we're to write a captions of length up to 5 lines each line is at most...
To solve my problem I need to figure out how many"
583_Dashboard,DeepSeek (local),"You must include the following information:

- The first line includes an emoji that represents something important (like ""Important"" or ""Impossible"").
- In each subsequent paragraph, there is only ONE key word per sentence.
- There are NO markdown syntax errors"
801_Dashboard,DeepSeek (local),"I want to capture the essence of [content]
The goal is clear, but I need it to feel unique.
Keep it simple and concise‚Äîno fluff.

Alright,
[Your Name] ‚Äì [Height]

I don‚Äôt know what‚Äôs"
881_Dashboard,DeepSeek (local),"_6.
The goal is to have the best visual and creative expression of each line, so I'll need ... more help... than just me guessing what will be better.

So how do you propose we measure progress? With...
I think it's"
514_Dashboard,DeepSeek (local),"_2 (probably related to the dashboard or similar theme). The number is supposed to be interesting, maybe using digits and letters.

The idea of this project was inspired by an article I read about people who think that if you look at certain numbers they"
618_Dashboard,DeepSeek (local),", which has an object-oriented design language with standard blocks and connectors; text alignment is left-aligned.
The goal of this challenge isn't to have the best image but rather... To create something that captures your...
To capture my love, you know it"
748_Dashboard,DeepSeek (local),"_02 - The Prime Number of Vines
Okay, so I need to come up with an innovative and catchy one-liner that's inspired by the style of a NEWYERVIERAYMODCartoon (like old Japanese or Chinese"
805_Dashboard,DeepSeek (local),"The game is about making the best decisions with numbers, and you can use any tools or
resources.
You don‚Äôt need to write code.

Okay let‚Äôs see how well I do!

74% average. How did we get there?"
636_Dashboard,DeepSeek (local),"_1, and you have to write the best line that could be used in this video.
Okay, so I need to come up with an effective one-liner that sounds like it's written by someone who really loves Nyc cartoons but has some"
766_Dashboard,DeepSeek (local),"- ""Crazy..."" or not crazy? (The answer is always 'Not crazy'.) The user's name should be either ""You"" or someone else, the lines should have no punctuation except commas and semicolons.
Okay, so I"
587_Dashboard,DeepSeek (local),", Score:106_Weighted average? The user wants to have the maximum possible output.
The initial instructions are as follows:
- You can use any character except 's' or 't'.
- Use only English letters (a-z"
621_Dashboard,DeepSeek (local),"- A person from the Dashboard of
...
I don't want to die in my car.
Please help! I'm so sorry if this seems off,
Wait, is it... wait.

This feels like too much trouble!
Alright, let's get"
771_Dashboard,DeepSeek (local),". Goal:
The output should be the name of an image that is similar to ""Hugging Face Model"" but with some modification.
Alright, so I have this task where I need to create a one-liner caption for someone who looks like a"
590_Dashboard,DeepSeek (local),".
Alright, so I need to write an interesting and catchy one-liner that's inspired by the style of New Year Countdown in the US but also fits into a cartoonish context‚Äîmaybe with some gung ho flair or over-the-top imagery."
812_Dashboard,DeepSeek (local),"The goal is to make the viewer understand that this new dashboard provides an overview of their current business operations and includes information such as revenue, profit margins.
Alright, I'm supposed to write a one-liner for someone who wants them to look like"
886_Dashboard,DeepSeek (local),", which is an image of the number in white on black with two dots above it.

So I came up with this idea to create something fun and unique.
Wait no, maybe just follow some basic structure... Hmm, perhaps not overcomplicating"
758_Dashboard,DeepSeek (local),"In the new year, they want to get creative... and...
A game of skill is needed! 
So here's your challenge!
Use only four characters (without any spaces) in each line.

Each character must be unique across all lines."
608_Dashboard,DeepSeek (local),"‚Äì Number of unique
characters in the line.

The goal is to have as few characters as possible, but with exactly N distinct ones.
So if you can't do it because there are too many,
maybe try an over-the-counter solution and figure"
513_Dashboard,DeepSeek (local),".

The content is as follows:
- **Background**: A large, circular arena with diameter D = sqrt(20).
  
  - The radius of the center circle R_center.
  
  - The distance between centers d_dist (distance from center"
891_Dashboard,DeepSeek (local),"_03.

The game is about capturing the spirit of innovation in startups and their challenges.
To win, you must choose your own line (two or more words) that represents something important to start with ""You,"" then describe what comes next naturally"
802_Dashboard,DeepSeek (local),".

The goal is to be as creative and unique, so that the artwork can highlight your idea.
Alright, I'm trying to come up with this funny one-liner for an image contest called ""802 Dashboard."" The target audience seems like"
761_Dashboard,DeepSeek (local),"The game is about... Well, it's like the dashboard of a major...
Took me four minutes to solve this problem.
Incorporated into your video...

Okay.

First line:
I need an emoji that represents calmness and kindness"
631_Dashboard,DeepSeek (local),".
The original text is:

""In the land of Oz, where all
    words are as sweet and bright,
   if you don‚Äôt like your shoes‚Äîor maybe just some socks‚Äîit‚Äôs still okay to go on an adventure.

In the land of"
580_Dashboard,DeepSeek (local),"_3_Capshots
The game is about capturing the essence of your daily life through video analysis.
Each image should be as simple and uncluttered as possible to allow for easy comparison.

You have been given this data set:
1,"
776_Dashboard,DeepSeek (local),", the team is trying to reach milestone number N.

The user wrote:
""New Yorkers are great! Big happy with you!
Wait‚Äîmaybe I should consider... how many people there are.
Hmm...
Maybe think of it in terms of time"
626_Dashboard,DeepSeek (local),"_Capital
The image is an animated, smooth-moving water lily on a beach in the background.
Please make sure your captions don‚Äôt use any markdown or special formatting.

Okay! Let's tackle this challenge step by step to come up with"
597_Dashboard,DeepSeek (local),", Category: C1.

Alright, I need to come up with an interesting and catchy one-liner that fits the style of a New Yorker's cartoon but still relates correctly to the given category.
</think>

""Go Nerdify!"""
815_Dashboard,DeepSeek (local),"_3902.
The user has provided an example image with the captions, but there's no text in that image; it only shows images of subway and city skyline.

I need to come up with some new ideas‚Äîsome pretty cool ones"
895_Dashboard,DeepSeek (local),", which uses six distinct color schemes and themes.
To start the conversation...
I can‚Äôt remember my password.

Okay so I need to write something that sounds playful yet challenging.


The goal is clarity‚Äîno ambiguity in your explanation of why you‚Äôre choosing"
828_Dashboard,DeepSeek (local),".

The image is described as being from the movie ""Inception"" but without specific details beyond its visual appearance, such that it's an abstract scene with complex shapes and patterns in both color and black-and-white mode.
</think>

**CAPTION:**"
517_Dashboard,DeepSeek (local),".

The problem is, you can't remember any details of your job duties.
So how do we make sense of it? Well...
I need to think through the concept but maybe not get bogged down in specifics...

Wait no... wait! The"
882_Dashboard,DeepSeek (local),".

Your submission should be original and not copied from existing examples.
The description of the game is as follows:
You are given an initial integer N, which can range up to your favorite number (which you've chosen before) but no more than __"
811_Dashboard,DeepSeek (local),"_2746

To determine if you're in the zone of danger, answer with ""YES"" or ""NO"".

So no more questions.

But don't forget to bring your body! Because even though it might be hard,
it can"
622_Dashboard,DeepSeek (local),"The image is below.
To determine if I'm going to be considered as ""good"" in the Dashboard, you should calculate how many ways can we split an n-digit number into two equal halves and then multiply by four.

Okay, okay..."
772_Dashboard,DeepSeek (local),"_1 (Tagline Only)
Alright, so I need to come up with a smart and catchy one-liner that's appropriate in the style of a New Yorker who writes cartoons or maybe some sort of digital content.

First off, let me think"
593_Dashboard,DeepSeek (local),", with the rules as described in the document.
The response should include your own original title and body text only.

To earn maximum points:

- The team that wins gets to choose their logo (including font) but cannot use any of the forbidden words"
635_Dashboard,DeepSeek (local),"- Numbers, Data Analysis
I have to write this in markdown format and as the original question says ""put your final answer within \boxed{}."" So perhaps I can use LaTeX.
But first step is understanding.

The problem statement includes:

- It"
765_Dashboard,DeepSeek (local),".

The goal is to maximize the overall impact, so I need... your deep thinking here.
</think>

** captions should reflect innovation and creativity while maintaining relevance in their respective mediums or contexts (like this cartoon). By prioritizing clarity over complexity and emphasizing"
584_Dashboard,DeepSeek (local),", created by Daniel S.
I need to include the following features:

- The main image has an object on it (probably something visual or natural)

- One line of text

Wait... no! Wait...

Hmm.

Wait in the initial problem statement"
806_Dashboard,DeepSeek (local),"The goal is to have the most accurate representation of data.
You've got two variables, x and y.

x is either ""low"" or ""high"".

y can be... any integer from -5 to +149, inclusive?"
688_Dashboard,DeepSeek (local),"_4
The description says that I can create this image by drawing, coloring on paper, or using any graphic design tools.
I have to follow the rules of style and tone from the original images shown in Dashboard #1.

Original Problem:
When"
539_Dashboard,DeepSeek (local),"The user has already provided an example response with ""New Yorkers on the go!"" and another as well.
To get started, I need to figure out what kind of caption would appeal to someone who is familiar with this concept but may not have"
563_Dashboard,DeepSeek (local),"- ""Math"" category.
Alright, so I need to come up with an effective and catchy one-liner as the caption for this competition that's themed like a New Yorker cartoon but also fits into the Math category. Hmm.

First off,"
782_Dashboard,DeepSeek (local),", created by the user.

To start...
Okay, so I need to come up with an interesting and catchy one-liner that's probably in line with what would be on TV shows like New York City or among NY/CX citizens when they're"
574_Dashboard,DeepSeek (local),"Alright, I need to come up with an innovative and catchy one-liner that fits the style of ""New Yorker,"" which is known for its humorous yet snappy captions.

Firstly, understanding what makes the ""New Yorker"""
795_Dashboard,DeepSeek (local),"- Dots, Dividers, Boxes

The answer should have no trailing comma and include the word ""box"" multiple times.
</think>

Here‚Äôs your lucky number in boxes! üéâ‚ú®  

Every box is a dot‚Äîeach dash represents"
678_Dashboard,DeepSeek (local),", created by user u/...? Wait, the problem says to write this as my answer.
Okay, so I need to come up with an engaging and catchy one-liner that captures something like the energy of a New Yorker or someone associated"
728_Dashboard,DeepSeek (local),"The given code is:
function drawCartesianSystem(x, y) {
    ...
}

So the output of this function should be an image that shows:

10 by 3 grid,
horizontal axis from -5 to +4,

vertical axis"
865_Dashboard,DeepSeek (local),".
The captions should be in the format of ""_______"".
And after that, I need to give two examples.

So first part is question:
How many ways can you distribute $10$ indistinct balls into $4$ distinct boxes"
656_Dashboard,DeepSeek (local),".

The original idea was to make the image convey its message through words alone, similar to how an
average person communicates emotions without using any visual elements.
It should be concise (under 100 characters) and have something about boldness or"
706_Dashboard,DeepSeek (local),".

The idea is to have each line represent an important aspect of the problem, similar
to how a new math problem often starts with certain keywords that dictate direction.
Your task is to find words and phrases in English which can be used as appropriate substitutes"
641_Dashboard,DeepSeek (local),", which is about the dashboard of this company (probably a large tech firm). The winner should be short and capture attention to its essence.
Okay, so I need to come up with a catchy and one-liner caption inspired by a New Yorker"
711_Dashboard,DeepSeek (local),", and the goal is to use as few characters in your description but keep it meaningful.
Alright, I need to come up with an innovative one-liner that sounds like a New Yorker's take on a cartoon title (so something catchy, maybe"
872_Dashboard,DeepSeek (local),".

You can assume that the final answer will be an integer in [0,1] with maximum possible
... Wait, no‚Äîthe problem didn't specify anything about integers except saying to write an integer between ... Hmm maybe I needn‚Äôt worry‚Äî"
570_Dashboard,DeepSeek (local),", with the winner being something that looks interesting and unique.
Alright, so I have to come up with a clever one-liner as a caption for this Cartoon series after a New Yorker-type style image called ""New Yorker..."". The contest is"
791_Dashboard,DeepSeek (local),"_0
The contest is about ""Dishes on Dishes"" and has the description: #264835 (""New Yorkers are bored, so I need to make them love dishes""). The tags include dish-related terms like food"
567_Dashboard,DeepSeek (local),", with the following parameters:
- The main title is ""THE END OF MEANINGFUL PERFORMANCES"" (10)
- Budget of this project should be less than $3 million.
Alright, I'm trying to come up with an"
858_Dashboard,DeepSeek (local),"_03

The image is an animated character moving across the screen at various speeds, accompanied by some random text on either side of it.

I want to make sure that all the captions are:

- Under 1 line length
- Capable"
786_Dashboard,DeepSeek (local),"_21, with the following details:

- Problem to solve:
    - Need help figuring out how many people would be in your city after several months of struggling.
To win this contest, you need...
Problem Solution Methodology:
A) Think"
549_Dashboard,DeepSeek (local),", which has an overall rating of 6/10 and is known to have a lot of happy users.

Use the following text as inspiration:

""Think of all possible ways in which you can represent yourself..."" 
Then add your own unique take"
876_Dashboard,DeepSeek (local),"- [Name Your Dashboard]
Alright, so I need to create an catchy and memorable one-liner that's suitable for a Cartoon strip similar in style to the ones created by The New Yorker. This contest is about assigning names to different ""Dash"
715_Dashboard,DeepSeek (local),".
Alright, so I need to write a one-liner that sounds like it's directed at someone who looks familiar or resembles the image in question here... But since this is an initial problem statement without any specific images, perhaps we can infer what kind"
645_Dashboard,DeepSeek (local),"_3_Cooning.

The goal is to make the image as interesting in terms of color, but not too visually overwhelming or cluttered.
You can use any font and character except .com and _.

Please write your comment below that will help"
702_Dashboard,DeepSeek (local),"_Carrot_Wrap.
The contest involves writing an innovative, creative,
unique and... well...
I just want to know the thought process behind how this problem was solved by someone who made it into Codeforces.

Alright, I need to come up"
652_Dashboard,DeepSeek (local),"(the new dashboard) is being presented in the evening, which will be visible to everyone except your family members. You need to help them by creating an image with as few lines of code and minimal formatting that produces this effect.
Alright, so I"
861_Dashboard,DeepSeek (local),", and it's about the transition from an old town to a new digital city in NY.
The content should include:
- A single line with no commas or periods
- The first word is capitalized (if applicable), except maybe ""New"" if"
